Ad_ID,Sale_Amount
A3000,1458.5059072021197
A3001,1500.5190461226696
A3002,1436.652195162135
